{"cameraMode":{"drawMode":0,"name":"Shaded","section":"Shading Mode"},"sceneLighting":true,"audioPlay":false,"sceneViewState":{"m_AlwaysRefresh":false,"showFog":true,"showSkybox":true,"showFlares":true,"showImageEffects":true,"showParticleSystems":true,"showVisualEffectGraphs":true,"m_FxEnabled":true},"in2DMode":false,"pivot":{"x":0.17678584158420564,"y":4.668070316314697,"z":-3.0259852409362795},"rotation":{"x":0.4384411871433258,"y":0.010784701444208622,"z":-0.00526153389364481,"w":0.8986806273460388},"size":2.3674302101135256,"orthographic":false}